teta0,teta1
8008.439832646783,-4656.591444722055
240000.0,22899.0
