teta0,teta1
8008.3186216834365,-4656.271506734968